id,material,material_class,title,fatigue_initiation_relevance,data_access,data_status_raw,data_url,paper_access,paper_doi,free_copy_url,citation
conv-a356-hpdc-porosity-microct-evs,"A356 aluminium, high pressure die cast",Al alloy,"Pore characterisation in HPDC A356 by metallography, radiography and micro-CT with extreme value statistics",Medium,Not public: ask authors,Paper only (figures),https://pmc.ncbi.nlm.nih.gov/articles/PMC7412358/,Free to read,10.3390/ma13143068,https://www.mdpi.com/1996-1944/13/14/3068/pdf?version=1594367762,"Nourian-Avval A., Fatemi A., Characterization and Analysis of Porosities in High Pressure Die Cast Aluminum by Using Metallography, X-Ray Radiography, and Micro-Computed Tomography, Materials 13 (2020) 3068"
conv-a357-t6-pore-size-crystallography,A357-T6 cast aluminium,Al alloy,"A357-T6 small-crack HCF from subsurface shrinkage pores of controlled size, with crystallography",High,Not public: ask authors,Paper only (figures),https://opus4.kobv.de/opus4-bam/frontdoor/index/index/year/2020/docId/50206,Paywalled,10.1007/s11661-019-05590-6,,"Serrano-Munoz I., Dancette S., Verdu C., Buffiere J.-Y., Influence of Pore Size and Crystallography on the Small Crack HCF Behavior of an A357-T6 Cast Aluminum Alloy, Metall. Mater. Trans. A 51 (2020) 1416-1427"
conv-a357-t6-torsion-insitu-ct,A357-T6 cast aluminium,Al alloy,Torsional fatigue of A357-T6 cast Al: interrupted in situ synchrotron tomography of crack propagation,High,Not public: ask authors,Paper only (figures),https://opus4.kobv.de/opus4-bam/frontdoor/index/index/year/2020/docId/51461,Free to read,10.3221/igf-esis.33.07,https://doi.org/10.3221/igf-esis.33.07,"Shiozawa D., Serrano-Munoz I., Dancette S., Verdu C., Lachambre J., Buffiere J.-Y., 3D analyses of crack propagation in torsion, Frattura ed Integrita Strutturale 33 (2015) 56-60"
conv-a357-t6-internal-vs-surface-pores-sls,A357-T6 cast aluminium (AlSi7Mg0.6),Al alloy,In situ synchrotron CT fatigue of A357-T6 cast Al with controlled internal shrinkage pores (SLS TOMCAT),High,Not public: ask authors,Paper only (figures),https://www.nature.com/articles/srep45239,Free to read,10.1038/srep45239,https://www.nature.com/articles/srep45239.pdf,"Serrano-Munoz I., Buffiere J.-Y., Mokso R., Verdu C., Nadot Y., Location, location & size: defects close to surfaces dominate fatigue crack initiation, Scientific Reports 7 (2017) 45239"
conv-aa2027-t351-corner-cracks-id19,AA2027-T351 (high-purity AA2024 variant); comparison AA5091 (mechanically alloyed Al-Mg-Li),Al alloy,Small corner fatigue cracks in DC-cast/wrought AA2027-T351 plate (and PM AA5091) by in situ ESRF ID19 tomography,Medium,Not public: ask authors,Paper only (figures),https://comptes-rendus.academie-sciences.fr/physique/articles/10.1016/j.crhy.2011.12.005/,Paywalled,10.1016/j.crhy.2011.12.005,,"Proudhon H., Moffat A., Sinclair I., Buffiere J.-Y., Three-dimensional characterisation and modelling of small fatigue corner cracks in high strength Al-alloys, Comptes Rendus Physique 13 (2012) 316-327"
repo-zenodo-al6014-3debsd-rolled-sheet,AA6014 rolled sheet,Al alloy,3D-EBSD of cold-rolled AA6014 sheet with and without intermediate annealing (per-slice CTF + DREAM.3D reconstructions),Low,Public,Public download,https://zenodo.org/records/19226606,no paper DOI,,,
conv-al7075-corrosion-fatigue-aps-2bm-tomobank,AA7075 peak-aged (T6-type),Al alloy,"4D corrosion-fatigue crack initiation from pits in peak-aged Al 7075 (APS 2-BM, TomoBank tomo_00032-00056)",High,Public,Public download,https://tomobank.readthedocs.io/en/latest/source/data/docs.data.insitu.html,Free to read,10.1016/j.corsci.2018.04.029,https://doi.org/10.1016/j.corsci.2018.04.029,"Stannard T.J., Williams J.J., Singh S.S., Sundaram Singaravelu A.S., Xiao X., Chawla N., 3D time-resolved observations of corrosion and corrosion-fatigue crack initiation and growth in peak-aged Al 7075 using synchrotron X-ray tomography, Corrosion Science 138 (2018) 340-352"
dct-labdct-alcu-grain-growth-sun-2023,Al-5wt%Cu (model alloy),Al alloy,Lab-DCT (ZEISS Xradia 520 Versa LabDCT) time series of grain growth in Al-5wt%Cu,Low,Public,Public download,https://doi.org/10.18126/5q8s-3ef9,no paper DOI,,,
conv-al-mg-si-spring8-crack-closure,"Al-Mg-Si (6xxx-type), cast then hot rolled, T6",Al alloy,In situ SPring-8 BL20XU microtomography of 3D fatigue crack growth and closure in a cast + hot-rolled Al-Mg-Si (T6),Medium,Not public: ask authors,Paper only (figures),https://hdl.handle.net/2324/1807813,Paywalled (free copy elsewhere),10.1016/j.actamat.2009.03.036,https://catalog.lib.kyushu-u.ac.jp/opac_download_md/1807813/Three-dimensional%20fatigue%20crack%20growth%20behavior%20in%20an%20aluminum%20alloy%20investigated%20with%20in-situ%20high-resolution%20synchrotron%20X-ray%20microtom.pdf,"Zhang H., Toda H., Qu P.C., Sakaguchi Y., Kobayashi M., Uesugi K., Suzuki Y., Three-dimensional fatigue crack growth behavior in an aluminum alloy investigated with in situ high-resolution synchrotron X-ray microtomography, Acta Materialia 57 (2009) 3287-3300"
hedm-al-mg-si-liner-small-crack-spear-2014,"Al-Mg-Si alloy (thin pressure-vessel liner; 6061-type, unverified)",Al alloy,Naturally nucleated microstructurally small fatigue cracks in Al-Mg-Si pressure-vessel liner: post-mortem NF-HEDM + CT + marker-band fractography,High,Not public: ask authors,Paper only (figures),,Paywalled,10.1016/j.actamat.2014.05.021,,"A.D. Spear, S.F. Li, J.F. Lind, R.M. Suter, A.R. Ingraffea, Three-dimensional characterization of microstructurally small fatigue-crack evolution using quantitative fractography combined with post-mortem X-ray tomography and high-energy X-ray diffraction microscopy, Acta Materialia 76 (2014) 413-424"
am-bao-slm-alsi10mg-insitu-srct-250C,AlSi10Mg,Al alloy,SLM AlSi10Mg: in situ time-lapse synchrotron uCT of defect evolution during 250 C tension-tension fatigue,Medium,Not public: ask authors,Paper only (figures),https://research.manchester.ac.uk/en/publications/19a907e7-2ebd-4346-8388-a0d4fef1e77c,Paywalled (free copy elsewhere),10.1016/j.msea.2020.139809,https://research.manchester.ac.uk/en/publications/19a907e7-2ebd-4346-8388-a0d4fef1e77c,"Bao J., Wu S., Withers P.J., Wu Z., Li F., Fu Y., Sun W., Defect evolution during high temperature tension-tension fatigue of SLM AlSi10Mg alloy by synchrotron tomography, Mater. Sci. Eng. A 792 (2020) 139809"
am-cz-alsi10mg-recycled-powder-lcf-xct,AlSi10Mg,Al alloy,"L-PBF AlSi10Mg from recycled powder: XCT defect features (top-100 projected area, sphericity, surface distance) per LCF specimen + PINN life prediction",High,Partially public: rest on request,Partially public,https://zenodo.org/records/13828238,Free to read,10.1016/j.matdes.2025.113926,https://doi.org/10.1016/j.matdes.2025.113926,"Bartosak M., Jambor M., Halamka J., Pelikan L., Stransky O., Galcikova E., Slany M., Horvath J., Petrasek S., Sulak I., Low-cycle fatigue of laser powder bed fusion-processed AlSi10Mg using recycled powder: Experiments and machine learning-assisted lifetime prediction, Materials & Design (2025) 113926"
am-qian-alsi10mg-insitu-xray-multi-defect,AlSi10Mg,Al alloy,"L-PBF AlSi10Mg: in situ X-ray imaging of fatigue crack growth from multiple defects (Qian, Wu, Withers 2022)",High,Not public: ask authors,Paper only (figures),https://doi.org/10.1016/j.ijfatigue.2021.106616,Free to read,10.1016/j.ijfatigue.2021.106616,https://doi.org/10.1016/j.ijfatigue.2021.106616,"Qian W., Wu S., Wu Z., Ahmed S., Zhang W., Qian G., Withers P.J., In situ X-ray imaging of fatigue crack growth from multiple defects in additively manufactured AlSi10Mg alloy, Int. J. Fatigue (2022) 106616"
am-romano-alsi10mg-ct-defect-fatigue,AlSi10Mg,Al alloy,"SLM AlSi10Mg three process generations: CT defect populations, killer-defect sqrt(area), defect-tolerant S-N prediction",High,Not public: ask authors,Paper only (figures),https://re.public.polimi.it/handle/11311/1078133,Paywalled (free copy elsewhere),10.1016/j.engfracmech.2017.11.002,http://hdl.handle.net/11311/1078133,"Romano S., Bruckner-Foit A., Brandao A., Gumpinger J., Ghidini T., Beretta S., Fatigue properties of AlSi10Mg obtained by additive manufacturing: Defect-based modelling and prediction of fatigue strength, Engineering Fracture Mechanics (2018)"
am-psu-alsi10mg-lpbf-psp-xct-zenodo,AlSi10Mg (LaserForm AlSi10Mg (A)),Al alloy,Penn State L-PBF AlSi10Mg process-structure-property dataset: 60 parameter sets with XCT porosity and tensile,Medium,Public,Public download,https://zenodo.org/records/10008435,Paywalled,10.1016/j.addma.2023.103804,,Related article: Additive Manufacturing (2023) 103804
repo-figshare-alsi10mg-lpbf-microct-defocus,AlSi10Mg (PBF-LB),Al alloy,Raw micro-CT volumes of L-PBF AlSi10Mg cylinders: focused vs negatively defocused beam and steel vs carbon-fibre recoater (Stellenbosch),Low,Public,Public download,https://doi.org/10.25413/sun.33972418.v1,no paper DOI,,,
am-baig-alsi10mg-scalmalloy-xct-critical-defect,AlSi10Mg and Scalmalloy (Al-Mg-Sc-Zr),Al alloy,L-PBF AlSi10Mg and Scalmalloy: pre-test XCT vs fractography of critical defects; distance-criterion correction for webbed LOF,High,Not public: ask authors,Paper only (figures),https://doi.org/10.1016/j.addlet.2025.100320,Free to read,10.1016/j.addlet.2025.100320,https://doi.org/10.1016/j.addlet.2025.100320,"Baig S., Jam A., Beretta S., Shao S., Shamsaei N., Fatigue assessment of laser powder bed fused aluminum alloys via non-destructive examination, Additive Manufacturing Letters (2025) 100320"
conv-alsi7cu3mg-lfc-hot-lcf-insitu,"AlSi7Cu3Mg (close to ASTM A319), lost foam cast",Al alloy,In situ synchrotron CT of high-temperature (250 C) LCF damage in lost-foam-cast AlSi7Cu3Mg (A319-type),High,Not public: ask authors,Paper only (figures),https://hal.science/hal-03971030,Paywalled (free copy elsewhere),10.1016/j.actamat.2016.10.028,https://hal.science/hal-03971030,"Dezecot S., Maurel V., Buffiere J.-Y., Szmytka F., Koster A., 3D characterization and modeling of low cycle fatigue damage mechanisms at high temperature in a cast aluminum alloy, Acta Materialia 123 (2017) 24-34"
conv-alsi7mg03-lfc-porosity-hcf-ct,"AlSi7Mg0.3 (A356-type), lost foam cast",Al alloy,Porosity effect on HCF of lost-foam-cast AlSi7Mg0.3 characterised by X-ray micro-tomography,High,Not public: ask authors,Paper only (figures),https://sam.ensam.eu/handle/10985/16578,Free to read,10.1016/j.ijfatigue.2017.09.012,https://ars.els-cdn.com/content/image/1-s2.0-S0142112317303778-fx1_lrg.jpg,"Le V.-D., Saintier N., Morel F., Bellett D., Osmond P., Investigation of the effect of porosity on the high cycle fatigue behaviour of cast Al-Si alloy by X-ray micro-tomography, Int. J. Fatigue 106 (2018) 24-37"
conv-alsi9cu3-hpdc-lcf-microct,AlSi9Cu3 high pressure die cast,Al alloy,"LCF of HPDC AlSi9Cu3 with significant porosity, post-test micro-CT of pores",Medium,Not public: ask authors,Paper only (figures),https://plus.cobiss.net/cobiss/si/en/bib/46594307,Free to read,10.1016/j.ijfatigue.2020.106061,https://ars.els-cdn.com/content/image/1-s2.0-S0142112320305934-ga1_lrg.jpg,"Tomazincic D., Borovinsek M., Ren Z., Klemenc J., Improved prediction of low-cycle fatigue life for high-pressure die-cast aluminium alloy AlSi9Cu3 with significant porosity, Int. J. Fatigue 144 (2021) 106061"
conv-al-li-dct-tension-zenodo,Aluminium-lithium alloy (wrought; grade not verified),Al alloy,"DCT grain map of an Al-Li alloy tension specimen (ESRF ID11, DREAM.3D/HDF5)",Low,Public,Public download,https://zenodo.org/records/1412401,no paper DOI,,,
conv-cast-al-ga-grain-short-crack,Cast Al-Si alloy (designation not verified),Al alloy,Short fatigue crack vs grain boundaries in cast Al visualised by synchrotron microtomography with Ga grain-boundary decoration,High,Not public: ask authors,Paper only (figures),,Free to read,10.4028/www.scientific.net/msf.482.227,https://doi.org/10.4028/www.scientific.net/msf.482.227,"Buffiere J.-Y. et al., 3D visualisation of short crack propagation in Al alloy using high resolution synchrotron X-ray microtomography, Materials Science Forum 482 (2005) 227"
conv-cast-al-ultrasonic-insitu-internal-crack,Cast aluminium alloy (grade not verified),Al alloy,In situ synchrotron ultrasonic (VHCF) fatigue device for internal crack initiation from casting defects in Al alloy,High,Not public: ask authors,Paper only (figures),https://oskar-bordeaux.fr/handle/20.500.12278/76237,Free to read,10.1111/ffe.13140,https://onlinelibrary.wiley.com/doi/pdfdirect/10.1111/ffe.13140,"Messager A., Junet A., Palin-Luc T., Buffiere J.-Y., Saintier N., Ranc N., El May M., Gaillard Y., King A., Bonnin A., Nadot Y., In situ synchrotron ultrasonic fatigue testing device for 3D characterisation of internal crack initiation and growth, Fatigue Fract. Eng. Mater. Struct. 43 (2020) 558-567"
repo-esrf-cast-al-gigacycle-insitu-ultrasonic-ct,Cast aluminium alloy (grade unverified),Al alloy,In-situ ultrasonic gigacycle fatigue with synchrotron tomography: internal crack initiation and growth in a cast Al alloy (ESRF ME-1499),High,Public,Public download,https://doi.esrf.fr/10.15151/ESRF-ES-147900374,no paper DOI,,,
conv-al-li-ufg-ferrie-xfem,Ultrafine-grained Al-Li alloy,Al alloy,3D in situ microtomography of semi-elliptical fatigue crack in ultrafine-grained Al-Li alloy with X-FEM simulation,Low,Not public: ask authors,Paper only (figures),,Paywalled (free copy elsewhere),10.1016/j.actamat.2005.10.053,https://hal.science/hal-00436215,"Ferrie E., Buffiere J.-Y., Ludwig W., Gravouil A., Edwards L., Fatigue crack propagation: In situ visualization using X-ray microtomography and 3D simulation using the extended finite element method, Acta Materialia 54 (2006) 1111-1122"
conv-nodular-cast-iron-crack-closure-dvc,Nodular (spheroidal graphite) cast iron,Cast iron,In situ synchrotron CT + DVC of 3D fatigue crack propagation and closure in nodular graphite cast iron,Medium,Not public: ask authors,Paper only (figures),https://hal.science/hal-00453971,Paywalled,10.1016/j.actamat.2010.01.024,,"Limodin N., Rethore J., Buffiere J.-Y., Hild F., Roux S., Ludwig W., Rannou J., Gravouil A., Influence of closure on the 3D propagation of fatigue cracks in a nodular cast iron investigated by X-ray tomography and 3D volume correlation, Acta Materialia 58 (2010) 2957-2967"
conv-ggg40-nodular-cast-iron-microct-zenodo,Nodular cast iron GGG40 (EN-GJS-400),Cast iron,"Nodular cast iron GGG40 lab micro-CT at 1, 3 and 11 um voxel (raw projections + reconstructions)",Low,Public,Public download,https://zenodo.org/records/3858516,no paper DOI,,,
am-nist-cocr-lpbf-xct-pores,Cobalt-chromium (CoCr) alloy,Co alloy,High-resolution XCT of L-PBF CoCr with unoptimized scan speed/hatch (lack-of-fusion pore structures),Low,Public,Public download,https://data.nist.gov/od/id/mds2-2162,Paywalled (free copy elsewhere),10.1016/j.addma.2017.06.011,https://www.ncbi.nlm.nih.gov/pmc/articles/7067302,"Kim F.H., Moylan S.P., Garboczi E.J., Slotwinski J.A., Investigation of pore structure in cobalt chrome additively manufactured parts using X-ray computed tomography and three-dimensional image analysis, Additive Manufacturing 17 (2017) 23-38"
repo-nist-synthetic-lof-pores-3dgan,Training pores from L-PBF cobalt-chrome XCT (doi:10.18434/M32162),Co alloy,Synthetic AM lack-of-fusion pores generated by a 3D-GAN trained on segmented XCT pores (3503 binary pore volumes),Medium,Public,Public download,https://data.nist.gov/od/id/mds2-3963,no paper DOI,,,
comp-asu-hruby-sicp-al2080-fatigue-crack-growth-insitu-ct,2080 Al alloy / SiC particle metal matrix composite,Composite,In situ synchrotron tomography of fatigue crack growth in SiC particle reinforced 2080 Al at R=0.1 and 0.6,High,Not public: ask authors,Paper only (figures),,Paywalled,10.1016/j.ijfatigue.2014.05.010,,"Hruby P, Singh SS, Williams JJ, Xiao X, De Carlo F, Chawla N. Fatigue crack growth in SiC particle reinforced Al alloy matrix composites at high and low R-ratios by in situ X-ray synchrotron tomography. Int J Fatigue 68 (2014) 136-143"
comp-mit-kopp-cfrp-nanostitch-srct-deeplearning,"Aerospace-grade carbon fibre/epoxy laminates, baseline and aligned-CNT nanostitched, conventional and thin-ply",Composite,"In situ SRCT of multiclass microdamage in aerospace CFRP laminates (baseline, thin-ply, CNT-nanostitched) with deep-learning segmentation",Medium,Public,Public download,https://doi.org/10.5061/dryad.ffbg79cwb,Free to read,10.1016/j.compositesb.2021.108623,https://doi.org/10.1016/j.compositesb.2021.108623,"Ni X, Kopp R, Kalfon-Cohen E, Furtado C, Lee J, Arteiro A, Borstnar G, Mavrogordato M, et al. In situ synchrotron computed tomography study of nanoscale interlaminar reinforcement and thin-ply effects on damage progression in composite laminates. Compos Part B 217 (2021) 108623"
comp-southampton-lee-cfrp-holotomography-fibre-breaks,Carbon fibre/epoxy laminate with 0 deg plies (specific system per paper; unverified),Composite,In situ 150 nm holotomography of fibre-break development vs. fibre misalignment and resin-rich pockets in CFRP,Medium,Public,Public download,https://zenodo.org/records/17099577,Free to read,10.1016/j.compositesa.2025.109361,https://doi.org/10.1016/j.compositesa.2025.109361,"Lee Y, Chatziathanasiou T, Breite C, Mehdikhani M, Swolfs Y, Mavrogordato M, Spearing SM, Sinclair I. Correlating fibre break development with fibre misalignment and resin-rich pockets using in situ holotomography. Compos Part A (2026) 109361"
comp-southampton-lee-cfrp-dvc-fibre-breaks,"Carbon fibre/epoxy, high interfacial shear strength variant, matrix doped with SiO2 fiducial particles",Composite,In situ synchrotron CT (650 nm) volumes for digital volume correlation strain mapping around fibre breaks in CFRP,Medium,Public,Public download,https://zenodo.org/records/18959885,no paper DOI,,,
comp-southampton-rosini-cfrp-fibre-break-morphology-srct,"Carbon/epoxy cross-ply laminates, (90_2/0_2)s (five fibre/sizing/surface-treatment configurations in 2022 study)",Composite,In situ SRCT statistics of local fibre misorientation/packing around fibre breaks in carbon/epoxy,Medium,Partially public: rest on request,Partially public,https://doi.org/10.5258/SOTON/D1101,Paywalled (free copy elsewhere),10.1016/j.compositesa.2019.105543,https://eprints.soton.ac.uk/433172/1/misalignment_ACCEPTED.pdf,"Rosini S, Mavrogordato MN, Egorova OA, Matthews ES, Jackson SE, Spearing SM, Sinclair I. In situ statistical measurement of local morphology in carbon-epoxy composites using synchrotron X-ray computed tomography. Compos Part A 125 (2019) 105543"
comp-manchester-prajapati-benchmark-gfrp-cfrp-ct,E-glass NCF/epoxy (VARTM) and carbon NCF/epoxy with glass backing bundles (VARTM),Composite,"Benchmark lab XCT datasets of NCF glass and carbon fibre composites at varying resolution, noise and contrast",Low,Public,Public download,https://zenodo.org/records/12743155,no paper DOI,,,
comp-manchester-yu-3d-woven-gfrp-fatigue-timelapse-ct,Glass fibre modified layer-to-layer 3D woven composite,Composite,Time-lapse X-ray CT of tension-tension fatigue damage in 3D woven glass fibre composite,High,Not public: ask authors,Paper only (figures),,Free to read,10.1016/j.compositesa.2015.09.001,https://doi.org/10.1016/j.compositesa.2015.09.001,"Yu B, Blanc R, Soutis C, Withers PJ. Evolution of damage during the fatigue of 3D woven glass-fibre reinforced composites subjected to tension-tension loading observed by time-lapse X-ray tomography. Compos Part A (2015)"
comp-dtu-jespersen-ncf-gfrp-exsitu-fatigue-ct-2017,"Glass fibre non-crimp fabric reinforced polyester, layup [b/biaxial,b/0,b/0]s",Composite,Ex-situ time-lapse X-ray CT of fibre-fracture evolution in NCF glass fibre/polyester under tension-tension fatigue,High,Public,Public download,https://zenodo.org/record/845707,Paywalled,10.1016/j.compscitech.2017.10.004,,"Jespersen KM, Mikkelsen LP. Three dimensional fatigue damage evolution in non-crimp glass fibre fabric based composites used for wind turbine blades. Compos Sci Technol 153 (2017) 261-272"
comp-soleil-bertoldo-gf-pa66-srct-segmentation,Glass fibre-reinforced polyamide 66 (GF-PA66),Composite,Synchrotron CT of short glass fibre-reinforced PA66 with labelled fibre/porosity/crack segmentation,Low,Public,Public download,https://zenodo.org/record/4587827,Free to read,10.3389/fmats.2021.761229,https://doi.org/10.3389/fmats.2021.761229,"Bertoldo JPC, Decenciere E, Ryckelynck D, Proudhon H. A Modular U-Net for Automated Segmentation of X-Ray Tomography Images in Composite Materials. Front Mater 8 (2021) 761229"
comp-kuleuven-breite-cfrp-fibre-break-benchmark-srct,Grafil 34-700WD / NTPT ThinPreg 736LT (thin-ply) and Toray T700SC-12K / Sicomin SR8500-KTA315 carbon/epoxy,Composite,SRCT benchmark of fibre-break and cluster development in two cross-ply carbon/epoxy composites (tensile failure model validation),Medium,Public,Public download,https://data.mendeley.com/datasets/6f2cv54ym8/3,no paper DOI,,,
comp-kuleuven-mehdikhani-gfrp-cfrp-insitu-tension-srct,HYBON 2026 E-glass/736LT epoxy [90_9/0_9]s and Mitsubishi 34-700WD carbon/736LT epoxy [90_4/0_5]s,Composite,Synchrotron tomograms of UD glass/epoxy and carbon/epoxy cross-ply laminates during in situ tensile loading,Medium,Public,Public download,https://data.mendeley.com/datasets/jn63c55y32/1,no paper DOI,,,
comp-manchester-prajapati-ncf-gfrp-fatigue-xct-dic,"Non-crimp E-glass fabric / epoxy, layup [[0/90]/[90/0]s] with outer cross-woven layers",Composite,Correlative time-lapse XCT + DIC of fatigue damage in quasi-UD non-crimp glass/epoxy composite,High,Public,Public download,https://zenodo.org/record/4541235,Free to read,10.1088/1757-899x/942/1/012039,https://iopscience.iop.org/article/10.1088/1757-899X/942/1/012039/pdf,"Prajapati AJ, Chirazi A, Mikkelsen LP, Burnett TL, Withers PJ. Observing the evolution of fatigue damage and associated strain fields in a correlative, multiscale 3D time-lapse study of quasi-unidirectional glass fibre composites. IOP Conf Ser Mater Sci Eng 942 (2020) 012039"
comp-dtu-jeppesen-ncf-gfrp-fibre-orientation,Non-crimp glass fibre reinforced composite (sample HF401TT-13),Composite,Lab CT of non-crimp glass fibre composite for structure-tensor fibre orientation analysis,Low,Public,Public download,https://zenodo.org/record/3877522,Free to read,10.1088/1757-899x/942/1/012037,https://doi.org/10.1088/1757-899x/942/1/012037,"Jeppesen N, Dahl VA, Christensen AN, Dahl AB, Mikkelsen LP. Characterization of the fiber orientations in non-crimp glass fiber reinforced composites using structure tensor. IOP Conf Ser Mater Sci Eng 942 (2020) 012037"
comp-southampton-garcea-cfrp-insitu-fatigue-srct,Particle-toughened aerospace carbon/epoxy (T700/M21 reported for the related 2017 fast-CT study; untoughened and intrinsically toughened systems also compared),Composite,In situ synchrotron CT of fatigue micromechanisms and fibre failure in double-edge-notched cross-ply carbon/epoxy,High,Not public: ask authors,Paper only (figures),https://doi.org/10.1016/j.compscitech.2016.07.030,Free to read,10.1016/j.compscitech.2017.06.006,https://www.sciencedirect.com/science/article/pii/S0266353817300957/pdf,"Garcea SC, Sinclair I, Spearing SM, Withers PJ. Mapping fibre failure in situ in carbon fibre reinforced polymers by fast synchrotron X-ray computed tomography. Compos Sci Technol (2017)"
comp-solvay-rolland-sfr-pa66-insitu-fatigue-srct,Short glass fibre reinforced polyamide 66,Composite,In situ synchrotron microtomography of fatigue damage mechanisms in short glass fibre reinforced PA66,High,Not public: ask authors,Paper only (figures),,Free to read,10.1016/j.compositesb.2017.12.051,https://www.sciencedirect.com/science/article/pii/S135983681733398X,"Rolland H, Saintier N, Raphael I, Lenoir N, King A, Robert G. Fatigue damage mechanisms of short fiber reinforced PA66 as observed by in-situ synchrotron X-ray microtomography. Compos Part B 143 (2018) 217-229"
comp-lbnl-bale-sic-cmc-high-temperature-insitu-ct,SiC-fibre ceramic matrix composite (textile/hybrid microstructure; precise system per paper),Composite,Real-time in situ synchrotron micro-CT of crack damage in SiC-fibre ceramic matrix composites under load up to 1750 C,Medium,Not public: ask authors,Paper only (figures),,Paywalled (free copy elsewhere),10.1038/nmat3497,https://www.osti.gov/servlets/purl/1172720,"Bale HA, Haboub A, MacDowell AA, Nasiatka JR, Parkinson DY, Cox BN, Marshall DB, Ritchie RO. Real-time quantitative imaging of failure events in materials under load at temperatures above 1,600 C. Nature Materials 12 (2013) 40-46"
comp-cea-chateau-sicf-sic-minicomposite-insitu-ct,SiCf/SiC minicomposite (single tow),Composite,In situ synchrotron microtomography tensile test of a SiCf/SiC minicomposite: matrix cracking and fibre breaks,Medium,Not public: ask authors,Paper only (figures),,Paywalled,10.1016/j.compscitech.2011.02.008,,"Chateau C, Gelebart L, Bornert M, Crepin J, Boller E, Sauder C, Ludwig W. In situ X-ray microtomography characterization of damage in SiCf/SiC minicomposites. Compos Sci Technol 71 (2011) 916-924"
comp-manchester-sinclair-ti6al4v-scs6-fatigue-bridging,Ti-6Al-4V matrix / SCS-6 SiC monofilament composite,Composite,Synchrotron tomography and strain mapping of bridging fibres in fatigue-cracked Ti-6Al-4V/SCS-6 SiC fibre composite,Medium,Not public: ask authors,Paper only (figures),,Paywalled,10.1016/j.actamat.2003.11.024,,"Sinclair R, Preuss M, Maire E, Buffiere JY, Bowen P, Withers PJ. The effect of fibre fractures in the bridging zone of fatigue cracked Ti-6Al-4V/SiC fibre composites. Acta Mater 52 (2004)"
comp-kaiserslautern-klingler-cfrp-impact-ct,"Toho Tenax HTA40 E13 carbon fabric (ECC style 763, 140 g/m2) / DGEBA epoxy (Sika CR144 + Huntsman Aradur 917 + 1-methylimidazole)",Composite,"Lab XCT of low-velocity impact damage in thin, toughened woven CFRP",Low,Public,Public download,https://zenodo.org/records/10886884,Paywalled,10.1016/j.compscitech.2022.109362,,"Klingler A, He Q, Wetzel B, Allen TD, Ye L, Breuer UP. Low velocity impact resistance of thin and toughened carbon fibre reinforced epoxy. Compos Sci Technol (2022) 109362"
comp-dtu-jespersen-ncf-gfrp-polyester-fatigue-ct-2016,Uni-directional E-glass non-crimp fabric (NCF) / polyester composite,Composite,Lab X-ray CT of fatigue damage in UD non-crimp glass fibre/polyester composite (wind turbine blade material),High,Public,Public download,https://zenodo.org/record/154714,Paywalled (free copy elsewhere),10.1016/j.compscitech.2016.10.006,https://research.manchester.ac.uk/en/publications/5475b076-cb5f-4255-b664-96076b678104,"Jespersen KM, Zangenberg J, Lowe T, Withers PJ, Mikkelsen LP. Fatigue damage assessment of uni-directional non-crimp fabric reinforced polyester composite using X-ray computed tomography. Compos Sci Technol 136 (2016) 94-103"
comp-dtu-jespersen-ncf-gfrp-fatigue-exsitu-tensionclamp-twli-2018,Uni-directional non-crimp glass fabric reinforced polyester,Composite,"NCF glass/polyester fatigue: ex-situ CT of two regions, tension-clamp CT (loaded/unloaded) and in-situ white-light imaging",High,Public,Public download,https://zenodo.org/record/1146125,Paywalled (free copy elsewhere),10.1016/j.compositesa.2018.03.002,https://orbit.dtu.dk/en/publications/17de2683-f9ad-4af7-b6dc-cc82a5cb4332,Jespersen KM et al. Uncovering the fatigue damage initiation and progression in uni-directional non-crimp fabric reinforced polyester composite. Compos Part A (2018)
comp-dtu-emerson-multimodal-ud-gfrp,Unidirectional glass fibre reinforced polymer,Composite,"Multimodal (lab XCT x3, synchrotron CT, SEM, OM) dataset of the same region of a UD glass fibre composite for individual-fibre segmentation",Low,Public,Public download,https://zenodo.org/record/1195879,no paper DOI,,,
comp-manchester-wang-ud-gfrp-kinkband-compression-srct,Unidirectional glass fibre/epoxy,Composite,Ultra-fast in situ SRCT of compressive kink-band failure in notched UD glass fibre/epoxy,Low,Public,Public download,https://zenodo.org/records/13348028,Free to read,10.1016/j.compscitech.2021.108929,https://doi.org/10.1016/j.compscitech.2021.108929,"Wang Y, Emerson MJ, Conradsen K, Dahl AB, Dahl VA, Maire E, Withers PJ. Evolution of fibre deflection leading to kink-band formation in unidirectional glass fibre/epoxy composite under axial compression. Compos Sci Technol 213 (2021) 108929"
conv-am60-hpdc-porosity-fatigue-xct,AM60 (Mg-Al-Mn) high pressure die cast,Mg alloy,Porosity and strain-controlled fatigue of HPDC AM60 magnesium shock towers with XCT,High,Not public: ask authors,Paper only (figures),https://experts.mcmaster.ca/scholarly-works/96679,Paywalled,10.1007/s11661-016-3511-x,,"Yang Z., Kang J., Wilkinson D.S., The Effect of Porosity on Fatigue of Die Cast AM60, Metall. Mater. Trans. A 47 (2016) 3464-3472"
dct-elektron21-mg-short-crack-king-2011,Elektron 21 (cast Mg-Nd-Gd-Zn-Zr),Mg alloy,3D in-situ short fatigue crack growth in cast Mg alloy Elektron 21 with DCT grain mapping,High,Not public: ask authors,Paper only (figures),,Paywalled,10.1016/j.actamat.2011.07.034,,"A. King, W. Ludwig, M. Herbig, J.-Y. Buffiere, A.A. Khan, N. Stevens, T.J. Marrow, Three-dimensional in situ observations of short fatigue crack growth in magnesium, Acta Materialia 59 (2011) 6761-6771"
hedm-we43-mg-ultrasonic-crack-path-greeley-2024,"WE43 (Mg-Y-Nd-Gd-Zr), underaged",Mg alloy,3D crystallographic short-crack paths in Mg WE43 (ultrasonic VHCF) from NF-HEDM grain maps + CT fracture surfaces,High,On request (stated by authors),On request,,Free to read,10.1111/ffe.14217,https://onlinelibrary.wiley.com/doi/pdfdirect/10.1111/ffe.14217,"D.A. Greeley, J.F. Adams, P. Kenesei, A.D. Spear, J.E. Allison, Quantitative analysis of three-dimensional fatigue crack path selection in Mg alloy WE43 using high-energy X-ray diffraction microscopy, Fatigue & Fracture of Engineering Materials & Structures (2024)"
repo-mendeley-zk60-vnotch-fatigue-xct,ZK60-T5 magnesium extrusion,Mg alloy,Interrupted X-ray tomography (14 stops) of fatigue crack growth in a V-notched ZK60-T5 magnesium specimen,High,Public,Public download,https://data.mendeley.com/datasets/sdgpv9ccv2/1,Paywalled (free copy elsewhere),10.1016/j.ijfatigue.2020.105734,https://hdl.handle.net/11250/2824306,"Albinmousa J. et al., Fatigue of V-notched ZK60 magnesium samples: X-ray damage evolution characterization and failure prediction, Int. J. Fatigue 139 (2020) 105734"
ebsd-in100-dream3d-smallin100,IN100 (powder-metallurgy Ni-base superalloy),Ni superalloy,AFRL IN100 serial-sectioning EBSD dataset ('Small IN100' DREAM.3D example),Low,Public,Public download,https://zenodo.org/records/7885531,Paywalled,10.1016/j.actamat.2007.11.041,,"Groeber M., Ghosh S., Uchic M.D., Dimiduk D.M., A framework for automated analysis and simulation of 3D polycrystalline microstructures. Part 1: Statistical characterization, Acta Materialia 56 (2008) 1257-1273"
conv-cast-ni-in100-rene125-shrinkage-fatigue,"Inconel 100 (IN100) and Rene 125, as-cast",Ni superalloy,Fatigue from spongy shrinkage clusters in cast IN100 and Rene 125 with XCT-based FE models,High,Not public: ask authors,Paper only (figures),https://arxiv.org/abs/2407.19519,Free to read,10.1016/j.ijfatigue.2024.108485,https://doi.org/10.1016/j.ijfatigue.2024.108485,"Kalkur Matpadi Raghavendra A., Maurel V., Marcin L., Proudhon H., Fatigue life prediction at mesoscopic scale of samples containing casting defects: A novel energy based non-local model, Int. J. Fatigue (2024) 108485"
repo-esrf-inconel600-dct-grain-boundary-slip-transfer,Inconel 600,Ni superalloy,Synchrotron DCT of polycrystalline Inconel 600 for 3D grain-boundary geometry and slip-transfer analysis (ESRF ID11),Low,Public,Public download,https://doi.esrf.fr/10.15151/ESRF-DC-2494118255,no paper DOI,,,
hedm-afrl-am-challenge4-in625,Inconel 625 (L-PBF),Ni superalloy,AFRL AM Modeling Challenge 4: in-situ tensile NF/FF-HEDM + micro-CT of L-PBF IN625 with serial-sectioning ground truth,Low,Public,Public download,https://doi.org/10.18126/k5r2-32iu,Free to read,10.1007/s40192-021-00212-9,https://link.springer.com/content/pdf/10.1007/s40192-021-00212-9.pdf,"M.G. Chapman et al., AFRL AM Modeling Series: Challenge 4, 3D reconstruction of an IN625 HEDM sample using multi-modal serial sectioning, IMMI (2021)"
ebsd-in718-ebm-tribeam-polonsky,Inconel 718 (EBM / E-PBF),Ni superalloy,"Electron-beam-melted IN718: TriBeam 3D EBSD/BSE/EDS of lack-of-fusion defects, carbides/nitrides and grain inhomogeneity",Medium,On request (stated by authors),On request,https://doi.org/10.1016/j.matchar.2018.02.020,Free to read,10.1007/s40192-019-00126-7,https://link.springer.com/content/pdf/10.1007/s40192-019-00126-7.pdf,"Polonsky A.T., Lang C.A., Kvilekval K.G., Latypov M.I., Echlin M.P., Manjunath B.S., Pollock T.M., Three-dimensional Analysis and Reconstruction of Additively Manufactured Materials in the Cloud-Based BisQue Infrastructure, IMMI 8 (2019) 37-51"
am-nist-ded-in718-insitu-tension-xct,Inconel 718 (IN718),Ni superalloy,"DED IN718 thin-wall: in situ tensile XCT of pore deformation, DIC, 69 specimens (NIST/Northwestern)",Low,Public,Public download,https://data.nist.gov/od/id/mds2-2512,Free to read,10.1016/j.ijsolstr.2022.111943,https://doi.org/10.1016/j.ijsolstr.2022.111943,"Kafka O.L., Yu C., Cheng P., Wolff S.J., Bennett J.L., Garboczi E.J., Cao J., Xiao X., Liu W.K., X-ray computed tomography analysis of pore deformation in IN718 made with directed energy deposition via in-situ tensile testing, Int. J. Solids Struct. 256 (2022) 111943"
am-nist-in718-psp-watring-spear,"Inconel 718 (IN718), as-built",Ni superalloy,"As-built L-PBF IN718 process-structure-property set: 25 parameter sets HCF, micro-CT pore structure, tensile, VDF fracture prediction",Medium,Public,Public download,https://data.nist.gov/od/id/mds2-3083,Free to read,10.1016/j.msea.2019.06.003,https://doi.org/10.1016/j.msea.2019.06.003,"Watring D.S., Carter K.C., Crouse D., Raeymaekers B., Spear A.D., Mechanisms driving high-cycle fatigue life of as-built Inconel 718 processed by laser powder bed fusion, Mater. Sci. Eng. A 761 (2019) 137993"
dct-in718-twin-boundary-crack-jimenez-2019,"Inconel 718 (forged, polycrystalline)",Ni superalloy,"Forged IN718 HCF crack initiation at coherent twin boundaries and short-crack slip transfer, in-situ DCT + PCT at ESRF ID11",High,Not public: ask authors,Paper only (figures),,Paywalled (free copy elsewhere),10.1016/j.scriptamat.2018.11.008,https://arxiv.org/pdf/1811.10540,"M. Jimenez, W. Ludwig, D. Gonzalez, J.M. Molina-Aldareguia, The role of slip transfer at grain boundaries in the propagation of microstructurally short fatigue cracks in Ni-based superalloys, Scripta Materialia (2019)"
ebsd-in718-cyclic-tribeam-hedm-schulte,Inconel 718 (polycrystalline),Ni superalloy,Cyclically loaded IN718: post-test TriBeam tomography + HEDM + CPFE slip-accumulation study (conference abstract),Medium,Not public: ask authors,Paper only (figures),https://www.programmaster.org/PM/PM.nsf/ApprovedAbstracts/FEA1F5484AA80C2785258CBA0074EC59,no paper DOI,,,
ebsd-in718-stinville-tribeam-multimodal,"Inconel 718 (wrought, precipitation hardened)",Ni superalloy,"Multi-modal IN718 dataset: TriBeam 3D EBSD (526 slices, 1 µm voxels) + HR-DIC slip localization fields",High,Public,Public download,https://datadryad.org/stash/dataset/doi:10.5061/dryad.83bk3j9sj,Free to read,10.1016/j.actamat.2021.117037,https://doi.org/10.1016/j.actamat.2021.117037,"Charpagne M.-A., Hestroffer J., Polonsky A., Echlin M.P., Texier D., Valle V., Beyerlein I.J., Pollock T.M., Stinville J.-C., Slip localization in Inconel 718: A three-dimensional and statistical perspective, Acta Materialia 215 (2021) 117037"
hedm-am-in718-crack-closure-ravi-2021,"Inconel 718, additively manufactured",Ni superalloy,AM IN718 naturally occurring small fatigue crack: crack closure resolved grain-by-grain with in-situ HEDM,Medium,Not public: ask authors,Paper only (figures),,Free to read,10.1016/j.actamat.2020.116564,https://doi.org/10.1016/j.actamat.2020.116564,"P. Ravi, D. Naragani, P. Kenesei, J.-S. Park, M.D. Sangid, Direct observations and characterization of crack closure during microstructurally small fatigue crack growth via in-situ high-energy X-ray characterization, Acta Materialia 205 (2021) 116564"
hedm-am-in718-crack-initiation-prithivirajan-2021,"Inconel 718, additively manufactured",Ni superalloy,AM IN718: crack-initiation site from in-situ HEDM/tomography compared one-to-one with CPFE predictions,High,Not public: ask authors,Paper only (figures),,Free to read,10.1016/j.matdes.2020.109216,https://www.sciencedirect.com/science/article/pii/S0264127520307516/pdf,"V. Prithivirajan, P. Ravi, D. Naragani, M.D. Sangid, Direct comparison of microstructure-sensitive fatigue crack initiation via crystal plasticity simulations and in situ high-energy X-ray experiments, Materials & Design 197 (2021) 109216"
hedm-lshr-fib-notch-small-crack-afrl-menasche,"LSHR (low solvus, high refractory) Ni-base superalloy",Ni superalloy,AFRL LSHR 4D microstructurally small crack growth from FIB notch: NF/FF-HEDM + micro-CT with U-Net crack segmentation,High,Not public: ask authors,Paper only (figures),,Free to read,10.1016/j.ijfatigue.2023.107920,https://www.sciencedirect.com/science/article/am/pii/S0142112323004218,"D.B. Menasche, P.A. Shade, P. Kenesei, J.-S. Park, W.D. Musinski, Four-dimensional microstructurally small fatigue crack growth in cyclically loaded nickel superalloy specimen, International Journal of Fatigue (2023) 107920"
hedm-dct-dfxm-lshr-twin-boundary-gustafson-2020,"LSHR (low solvus, high refractory) powder-metallurgy Ni-base superalloy",Ni superalloy,"Multi-scale X-ray (NF/FF-HEDM, DCT, DFXM) quantification of stress gradients at a twin boundary in cyclically loaded LSHR",High,On request (stated by authors),On request,,Free to read,10.1038/s41467-020-16894-2,https://www.nature.com/articles/s41467-020-16894-2.pdf,"S. Gustafson, W. Ludwig, P. Shade, D. Naragani, D. Pagan, P. Cook, C. Yildirim, C. Detlefs, M.D. Sangid, Quantifying microscale drivers for fatigue failure via coupled synchrotron X-ray characterization and simulations, Nature Communications 11 (2020) 3189"
hedm-lshr-hedm-serial-sectioning-sparks-2024,LSHR (undeformed),Ni superalloy,"LSHR Ni superalloy HEDM volume with multi-modal serial-sectioning (EBSD, profilometry) ground truth",Low,Public,Public download,https://doi.org/10.18126/4y0p-v604,Free to read,10.1007/s40192-024-00370-6,https://doi.org/10.1007/s40192-024-00370-6,"Sparks G., Mason S.A., Chapman M.G., Park J.-S., Sharma H., Kenesei P., Niezgoda S.R., Mills M.J., Uchic M.D., Shade P.A., Obstalecki M., 3D Reconstruction of a High-Energy Diffraction Microscopy Sample Using Multi-modal Serial Sectioning with High-Precision EBSD and Surface Profilometry, IMMI 13 (2024) 773-803"
repo-soton-sx-superalloy-md2-pores-carbides-xct,MD2 single-crystal Ni-based superalloy,Ni superalloy,"SX superalloy MD2: XCT of pores and carbides, SEM-DIC strain accumulation and fatigue crack initiation (Southampton dataset)",High,Public,Public download,https://eprints.soton.ac.uk/419493,Paywalled (free copy elsewhere),10.1016/j.ijfatigue.2018.05.003,https://research.manchester.ac.uk/en/publications/bf8302e2-000b-4a79-9dc2-43f13f0926fb,"Jiang R., Bull D.J., Evangelou A., Harte A., Pierron F., Sinclair I., Preuss M., Hu X.T., Reed P.A.S., Strain accumulation and fatigue crack initiation at pores and carbides in a SX superalloy at room temperature, Int. J. Fatigue 114 (2018)"
hedm-ni-superalloy-small-crack-naragani-2019,Ni-base superalloy (designation not verified),Ni superalloy,Micromechanical state ahead of a propagating small fatigue crack in a Ni superalloy (NF/FF-HEDM + absorption CT),High,Not public: ask authors,Paper only (figures),,Free to read,10.1016/j.actamat.2019.08.005,https://www.sciencedirect.com/science/article/am/pii/S1359645419305075?via%3Dihub,"D.P. Naragani, P.A. Shade, P. Kenesei, H. Sharma, M.D. Sangid, X-ray characterization of the micromechanical response ahead of a propagating small fatigue crack in a Ni-based superalloy, Acta Materialia 179 (2019) 342-359"
repo-nist-ambench2022-in625-3d-reconstructions,"Nickel alloy 625 (L-PBF, AMB2018-01 3D build)",Ni superalloy,AM Bench 2022 IN625 3D microstructure reconstructions by automated serial sectioning (AMB2018-01 build leg ROI),Low,Public,Public download,https://data.nist.gov/od/id/mds2-2765,no paper DOI,,,
am-nist-ambench2022-in718-xct-serial-sectioning,Nickel alloy 718 (IN718),Ni superalloy,AM Bench 2022 IN718 (AMB2022-01) spatially registered XCT + serial-sectioning EBSD/BSE/optical 3D data,Low,Public,Public download,https://data.nist.gov/od/id/mds2-2767,Free to read,10.1007/s40192-024-00372-4,https://link.springer.com/content/pdf/10.1007/s40192-024-00372-4.pdf,"Levine L. et al., Outcomes and Conclusions from the 2022 AM Bench Measurements, Challenge Problems, Modeling Submissions, and Conference, IMMI 13 (2024) 598-621"
am-nist-in718-contour-passes-rbf-xct,Nickel alloy 718 (IN718),Ni superalloy,L-PBF IN718 as-built surfaces with 0/1/2 contour passes: XCT surface/porosity + rotating-beam HCF (NIST),High,Public,Public download,https://data.nist.gov/od/id/mds2-3044,Paywalled,10.1016/j.ijfatigue.2023.107872,,"Kafka O.L., Benzing J., Derimow N., Schumacher P., Koepke L., Beamer C., Godfrey D., Hrabe N., Effects of as-built surface with varying number of contour passes on high-cycle fatigue behavior of additively manufactured nickel alloy 718, Int. J. Fatigue 176 (2023) 107872"
dct-ni-superalloy-fib-notch-messe-2014,Nickel-base superalloy (designation not given in abstract),Ni superalloy,Fatigue crack propagation from FIB notch in a Ni superalloy studied with DCT and PCT,Medium,Not public: ask authors,Paper only (figures),,Free to read,10.4028/www.scientific.net/amr.891-892.923,https://doi.org/10.4028/www.scientific.net/amr.891-892.923,"O.M.D.M. Messe, J. Lachambre, A. King, J.-Y. Buffiere, C.M.F. Rae, Investigation of fatigue crack propagation in nickel superalloy using diffraction contrast tomography and phase contrast tomography, Advanced Materials Research 891-892 (2014) 923-928"
hedm-pm-ni-inclusion-initiation-naragani-2017,Powder-metallurgy Ni-base superalloy seeded with a non-metallic inclusion (designation not verified),Ni superalloy,Fatigue crack initiation at a seeded non-metallic inclusion in PM Ni superalloy via micro-CT + far-field HEDM,High,Not public: ask authors,Paper only (figures),,Free to read,10.1016/j.actamat.2017.07.027,https://doi.org/10.1016/j.actamat.2017.07.027,"D. Naragani, M.D. Sangid, P.A. Shade, J.C. Schuren, H. Sharma, J.-S. Park, P. Kenesei, J.V. Bernier, T.J. Turner, I. Parr, Investigation of fatigue crack initiation from a non-metallic inclusion via high energy x-ray diffraction microscopy, Acta Materialia 137 (2017) 71-84"
conv-ni-superalloy-casting-voids-tensile-zenodo,"Second-generation Ni-base superalloy, as-cast",Ni superalloy,"Casting voids in a 2nd-generation Ni superalloy before/after tensile deformation (Xradia Versa 520 XCT, Zenodo)",Low,Public,Public download,https://zenodo.org/records/4432446,Paywalled (free copy elsewhere),10.1016/j.msea.2021.140800,http://hdl.handle.net/10044/1/87983,"Xu Z., Britton T.B., Guo Y., Casting voids in nickel superalloy and the mechanical behaviour under room temperature tensile deformation, Mater. Sci. Eng. A 806 (2021) 140800"
ebsd-tmw4m3-pfib-fatigue-crack-nishikawa,TMW-4M3 forged Ni-Co-based disk superalloy,Ni superalloy,Ni-Co superalloy TMW-4M3: PFIB-SEM 3D EBSD of an entire microstructurally small fatigue crack,High,Partially public: rest on request,Partially public,https://mdr.nims.go.jp/datasets/a89c8169-b6e5-49fa-bfb7-d66d9b237680,Free to read,10.1016/j.scriptamat.2022.115026,https://doi.org/10.1016/j.scriptamat.2022.115026,"Nishikawa H., Furuya Y., Osada T., Kawagishi K., Hara T., Three-dimensional high-resolution crystallographic observation of the entire volume of microstructurally small fatigue cracks in Ni-Co based superalloy, Scripta Materialia 222 (2022) 115026"
repo-esrf-dct-microtexture-hcf-gnn,Polycrystalline metal (alloy not stated in metadata; unverified),Other,"Ex-situ DCT + phase-contrast tomography before/after fatigue on eight specimens for graph-neural-network HCF damage prediction (ESRF ID11, HC-4983)",Medium,Public,Public download,https://doi.esrf.fr/10.15151/ESRF-ES-891425266,no paper DOI,,,
repo-mendeley-lpbf-174ph-alsi10mg-geometry-fatigue-xct,17-4 PH stainless steel and AlSi10Mg (L-PBF),Steel,"Geometry/size effects on fatigue of L-PBF AlSi10Mg and 17-4 PH: fatigue data, XCT volumetric defect data and fractographs (walls, small/large blocks)",High,Public,Public download,https://data.mendeley.com/datasets/w4vsnk9z6w/1,no paper DOI,,,
ebsd-304l-lens-tribeam-polonsky,304L austenitic stainless steel (LENS directed energy deposition),Steel,"LENS (DED) 304L stainless steel: TriBeam 3D EBSD volume (816 x 834 x 240 µm, 3 µm voxels)",Low,On request (stated by authors),On request,https://doi.org/10.1007/s40192-019-00126-7,Free to read,10.1007/s40192-019-00126-7,https://link.springer.com/content/pdf/10.1007/s40192-019-00126-7.pdf,"Polonsky A.T. et al., Three-dimensional Analysis and Reconstruction of Additively Manufactured Materials in the Cloud-Based BisQue Infrastructure, IMMI 8 (2019) 37-51"
am-tum-316l-uct-fatigue-ml,316L austenitic stainless steel,Steel,"PBF-LB/M 316L: specimen-wise uCT (internal pores + surface topology) linked to fatigue lives, ML pore classification",High,Partially public: rest on request,Partially public,https://zenodo.org/records/21105346,Paywalled,10.1111/ffe.14375,,"Diller J., Siebert L., Winkler M., Siebert D., Blankenhagen J., Wenzler D., Radlbeck C., Mensinger M., An integrated approach for detecting and classifying pores and surface topology for fatigue assessment 316L manufactured by PBF-LB/M using uCT and machine learning algorithms, Fatigue Fract. Eng. Mater. Struct. 47(9) (2024) 3392-3407"
ebsd-316l-lpbf-nguyen-rowenhorst-fusion,316L stainless steel (L-PBF),Steel,L-PBF 316L: NRL multimodal (BSE + EBSD) mechanical serial sectioning with warping-based data fusion,Low,Not public: ask authors,Paper only (figures),https://link.springer.com/10.1007/s11837-021-04865-x,Paywalled,10.1007/s11837-021-04865-x,,"Nguyen L.T., Rowenhorst D.J., The Alignment and Fusion of Multimodal 3D Serial Sectioning Datasets, JOM 73 (2021) 3272-3284"
ebsd-316l-am-elavo-sun,316L stainless steel (additively manufactured),Steel,L-PBF 316L: large-volume automated serial-polishing 3D EBSD (MPIE ELAVO 3D) revealing tree-like grains,Low,Not public: ask authors,Paper only (figures),https://oar.a-star.edu.sg/communities-collections/articles/20083,Free to read,10.1016/j.scriptamat.2023.115723,https://doi.org/10.1016/j.scriptamat.2023.115723,"Sun Z., Tsai S.-P., Konijnenberg P., Wang J.-Y., Zaefferer S., A large-volume 3D EBSD study on additively manufactured 316L stainless steel, Scripta Materialia 238 (2024) 115723"
repo-esrf-316l-am-s3dxrd-pct-crack-tip,316L stainless steel (laser AM and wrought),Steel,Scanning-3DXRD + phase-contrast tomography of crack-tip orientation/strain states in laser-AM and wrought 316L notched samples (ESRF ID11 nanoscope),Medium,Public,Public download,https://doi.esrf.fr/10.15151/ESRF-DC-2354238808,no paper DOI,,,
repo-esrf-316l-lbm-dct-3dxrd-fatigue,"316L stainless steel (laser beam melting, tailored texture)",Steel,"DCT and 3DXRD of strain partitioning in textured laser-beam-melted 316L after increasing fatigue cycles (ESRF ID11, MA-4763)",High,Public,Public download,https://doi.esrf.fr/10.15151/ESRF-ES-514137503,no paper DOI,,,
ebsd-316ln-lcf-signor-serial-sectioning-cpfe,316LN austenitic stainless steel (also 316L in 2014 proceedings),Steel,316LN/316L LCF microcrack initiation: serial-sectioning 3D EBSD of crack sites (386 grains) + CPFE,High,Not public: ask authors,Paper only (figures),https://researchportal.ip-paris.fr/en/publications/influence-of-local-crystallographic-configuration-on-microcrack-i/,Free to read,10.4028/www.scientific.net/amr.891-892.1711,https://doi.org/10.4028/www.scientific.net/amr.891-892.1711,"Signor L., Lacoste E., Villechaise P., Ghidossi T., Courtin S., Plastic slip and early stage of fatigue damage in polycrystals: Comparison between experiments and crystal plasticity finite elements simulations, Advanced Materials Research 891-892 (2014) 1711-1716"
repo-mdf-am-steel-synchrotron-porosity-mosaic,3D-printed steel (grade not stated in metadata),Steel,Mosaic synchrotron micro-CT (1.17 um) of a 3D-printed steel cylinder for real-time porosity mapping (APS),Medium,Public,Public download,https://doi.org/10.18126/c54t-4ceh,Free to read,10.36227/techrxiv.20369421,https://www.techrxiv.org/articles/preprint/Real-time_porosity_mapping_and_visualization_for_synchrotron_tomography/20369421/1/files/36410874.pdf,"Tekawade A., Nikitin V., Satapathy Y., Liu Z., Zhang X., Kenesei P., De Carlo F., Kettimuthu R., Real-time porosity mapping and visualization for synchrotron tomography, TechRxiv 2022"
conv-x100-linepipe-steel-insitu-srct-zenodo,API X100 line pipe steel,Steel,"In situ synchrotron tomography of anisotropic ductile damage in X100 line pipe steel (notched bars, HDF5)",Low,Public,Public download,https://zenodo.org/records/3528199,no paper DOI,,,
dct-austenitic-ss-spring8-nakai-2018,Austenitic stainless steel (grade not specified in source),Steel,Fatigue damage (grain misorientation) and crack initiation in austenitic stainless steel tracked by DCT at SPring-8,High,Not public: ask authors,Paper only (figures),,Free to read,10.3390/icem18-05210,https://www.mdpi.com/2504-3900/2/8/380/pdf?version=1527159525,"Y. Nakai, D. Shiozawa, N. Asakawa, K. Nonaka, S. Kikuchi, Fatigue damage evaluation by diffraction contrast tomography using ultra-bright synchrotron radiation, Proceedings 2(8) (2018) 380 (ICEM18)"
dct-harmonic-structured-ss-nakai-2023,Austenitic stainless steel with bimodal harmonic structure (fine-grain shell network around coarse-grain core),Steel,Grain misorientation evolution in fatigue of harmonic-structured austenitic stainless steel by synchrotron DCT,Medium,Not public: ask authors,Paper only (figures),,Free to read,10.4028/p-e0mc23,https://doi.org/10.4028/p-e0mc23,"Y. Nakai, D. Shiozawa, S. Kikuchi, I. Mishima, M. Kawabata, K. Ameyama, Misorientation of grains in fatigue of harmonic structured steel observed by diffraction contrast tomography using ultrabright synchrotron radiation, Materials Science Forum (2023)"
ebsd-ferritic-steel-fatigue-crack-tip-kikuzuki,Ferritic model steel,Steel,Ferritic model steel: FIB-SEM 3D EBSD around a non-propagating fatigue crack tip,Medium,Not public: ask authors,Paper only (figures),https://www.programmaster.org/PM/PM.nsf/ApprovedAbstracts/D8CC78D3AF033287852584AB0030ABAA,no paper DOI,,,
ebsd-fe-e309l-3debsd-labdct-mendeley,Fully recrystallized pure Fe; chill-cast modified E309L austenitic stainless steel,Steel,Pure Fe (BCC) and chill-cast modified E309L (FCC): serial-section 3D EBSD vs. lab DCT benchmark,Low,Public,Public download,https://data.mendeley.com/datasets/5vg72jgbcs,no paper DOI,,,
repo-dryad-ferritic-steel-xct-fatigue-defect-database,Low-alloy ferritic steel (hot rolled; grade not given),Steel,"Internal defect database of tensile- and fatigue-deformed ferritic steel by X-CT (interrupted fatigue, persistent-homology defect descriptors)",High,Public,Public download,https://datadryad.org/dataset/doi:10.5061/dryad.9cnp5hqpf,no paper DOI,,,
conv-suj2-mns-rcf-laminography-spring8,"Modified JIS SUJ2 high-carbon chromium bearing steel, high sulfur",Steel,4D rolling contact fatigue flaking from MnS inclusions in high-S bearing steel by synchrotron laminography (SPring-8),High,Not public: ask authors,Paper only (figures),https://hdl.handle.net/20.500.14094/90004785,Free to read,10.1051/matecconf/201816511002,https://doi.org/10.1051/matecconf/201816511002,"Nakai Y. et al., Observation of Flaking Process in Rolling Contact Fatigue by Laminography Using Ultra-bright Synchrotron Radiation, MATEC Web Conf. 165 (2018) 11002"
dct-304ss-igscc-grain-mapped-king-2008,Sensitized austenitic stainless steel,Steel,Intergranular stress corrosion crack grown through a DCT grain-mapped sensitized austenitic stainless steel,Low,Not public: ask authors,Paper only (figures),,Paywalled (free copy elsewhere),10.1126/science.1156211,https://hal.science/hal-00433962,"A. King, G. Johnson, D. Engelberg, W. Ludwig, J. Marrow, Observations of intergranular stress corrosion cracking in a grain-mapped polycrystal, Science 321 (2008) 382-385"
conv-rcf-bidisc-crack-ct-zenodo,"Steel (grade not verified), heat treated and untreated conditions",Steel,3D lab and synchrotron CT of rolling-contact-fatigue cracks from artificial defects in bi-disc steel specimens (IDERPLANE),Medium,Public,Public download,https://zenodo.org/records/6424223,Free to read,10.1016/j.prostr.2025.12.287,https://doi.org/10.1016/j.prostr.2025.12.287,"Zani N., Rao P.M., Foletti S., Buffiere J.-Y., Mazzu A., Beretta S., Threshold and propagation of defects under RCF: an experimental approach, Procedia Structural Integrity 76 (2026) 59-66"
ebsd-dp-steel-calcagnotto-fib-3debsd,Ultrafine-grained ferrite/martensite dual-phase steel (0.17C-1.63Mn),Steel,Ultrafine-grained dual-phase steel: FIB 3D EBSD of GND/orientation gradients at ferrite-martensite interfaces,Low,Not public: ask authors,Paper only (figures),https://www.dierk-raabe.com/app/download/5803583940/Mater_Science_Engin_A+527+%282010%29+2738.pdf,Paywalled,10.1016/j.msea.2010.01.004,,"Calcagnotto M., Ponge D., Demir E., Raabe D., Orientation gradients and geometrically necessary dislocations in ultrafine grained dual-phase steels studied by 2D and 3D EBSD, Mater. Sci. Eng. A 527 (2010) 2738-2746"
conv-ti21s-dct-pct-short-crack,Ti 21S metastable beta (Ti-15Mo-3Nb-3Al-0.2Si),Ti alloy,3D short fatigue crack growth in beta-Ti 21S combining DCT (ID11) grain map and in situ PCT (ID19),High,Not public: ask authors,Paper only (figures),https://www.esrf.fr/UsersAndScience/Publications/Highlights/2011/materials/mat4,Paywalled,10.1016/j.actamat.2010.09.063,,"Herbig M., King A., Reischig P., Proudhon H., Lauridsen E.M., Marrow J., Buffiere J.-Y., Ludwig W., 3-D growth of a short fatigue crack within a polycrystalline microstructure studied using combined diffraction and phase-contrast X-ray tomography, Acta Materialia 59 (2011) 590-601"
ebsd-ti21s-rowenhorst-beta-grains,"Ti-21S (beta-stabilized Ti alloy, fully recrystallized)",Ti alloy,"Beta-Ti alloy Ti-21S: NRL mechanical serial-sectioning 3D EBSD of recrystallized beta grains (topology, curvature, image-based FE)",Low,Not public: ask authors,Paper only (figures),,Paywalled,10.1016/j.actamat.2010.06.030,,"Rowenhorst D.J., Lewis A.C., Spanos G., Three-dimensional analysis of grain topology and interface curvature in a beta-titanium alloy, Acta Materialia 58 (2010) 5511-5519"
dct-ti55531-short-crack-ml-rovinelli-2018,Ti-55531 (Ti-5Al-5Mo-5V-3Cr-1Zr nominal designation),Ti alloy,"Short fatigue crack in beta-metastable Ti-55531 with DCT grain map and in-situ PCT, used for ML crack-driving-force study",High,Not public: ask authors,Paper only (figures),,Free to read,10.1038/s41524-018-0094-7,https://www.nature.com/articles/s41524-018-0094-7.pdf,"A. Rovinelli, M.D. Sangid, H. Proudhon, W. Ludwig, Using machine learning and a data-driven approach to identify the small fatigue crack driving force in polycrystalline materials, npj Computational Materials 4 (2018) 35"
ebsd-ti6246-fatigue-crack-birosca,"Ti-6Al-2Sn-4Zr-6Mo (Ti-6246), lamellar/duplex",Ti alloy,Ti-6246 short fatigue crack: in-situ synchrotron microtomography (ESRF ID19) + post-mortem 3D EBSD of crack path,High,Not public: ask authors,Paper only (figures),https://cronfa.swansea.ac.uk/Record/cronfa11870/Details,Paywalled,10.1016/j.actamat.2009.08.009,,"Birosca S., Buffiere J.Y., Garcia-Pastor F.A., Karadge M., Babout L., Preuss M., Three-dimensional characterization of fatigue cracks in Ti-6246 using X-ray tomography and electron backscatter diffraction, Acta Materialia 57 (2009) 5834-5847"
am-auburn-poudel-ti64-xct-defect-classification,Ti-6Al-4V,Ti alloy,L-PBF Ti-6Al-4V 1 um XCT: 2156 volumetric defects labelled LoF / gas / keyhole with ML classifiers,Medium,On request (stated by authors),On request,https://doi.org/10.5281/zenodo.6869455,Free to read,10.1038/s41467-022-34122-x,https://www.nature.com/articles/s41467-022-34122-x.pdf,"Poudel A., Yasin M.S., Ye J., Liu J., Vinel A., Shao S., Shamsaei N., Feature-based volumetric defect classification in metal additive manufacturing, Nature Communications 13 (2022)"
am-bam-hejazi-ebm-ti64-cavity-vhcf-xct,Ti-6Al-4V,Ti alloy,PBF-EB Ti-6Al-4V with artificial internal cavity: HCF/VHCF (ultrasonic) and XCT crack segmentation by deep learning (BAM),High,Not public: ask authors,Paper only (figures),https://doi.org/10.1111/ffe.14489,Free to read,10.1111/ffe.14489,https://onlinelibrary.wiley.com/doi/pdfdirect/10.1111/ffe.14489,"Hejazi B., Compart A., Fritsch T., Wagner R., Weidner A., Biermann H., Benz C., Sander M., Bruno G., Fatigue Crack Segmentation and Characterization of Additively Manufactured Ti-6Al-4V Using X-Ray Computed Tomography, Fatigue Fract. Eng. Mater. Struct. (2024)"
am-cmu-cunningham-ebm-ti64-srct-hip,Ti-6Al-4V,Ti alloy,"EBM Ti-6Al-4V from two powders: synchrotron uCT porosity as-built, after HIP and after subsequent heat treatment",Low,Not public: ask authors,Paper only (figures),https://doi.org/10.1080/21663831.2017.1340911,Free to read,10.1080/21663831.2017.1340911,https://www.tandfonline.com/doi/pdf/10.1080/21663831.2017.1340911?needAccess=true,"Cunningham R., Nicolas A., Madsen J., Fodran E., Anagnostou E., Sangid M.D., Rollett A.D., Analyzing the effects of powder and post-processing on porosity and properties of electron beam melted Ti-6Al-4V, Materials Research Letters 5(7) (2017) 516-525"
am-cz-ded-ti64-gradient-uct-fatigue,Ti-6Al-4V,Ti alloy,"DED-L Ti-6Al-4V across build height: raw uCT pore volumes, S-N, FCGR and microstructure (Zenodo)",Medium,Public,Public download,https://zenodo.org/records/20815437,Free to read,10.36922/msam026210047,https://doi.org/10.36922/msam026210047,"Skolakova A., Pinc J., et al., Microstructural gradients and associated mechanical and fatigue behavior in DED Ti-6Al-4V across the build height, Materials Science in Additive Manufacturing (2026)"
am-hornas-ti64-uct-ml-fatigue,Ti-6Al-4V,Ti alloy,AM Ti-6Al-4V: pre-test uCT defect parameters + fatigue lives with augmented ML dataset,Medium,Not public: ask authors,Paper only (figures),https://zenodo.org/records/13269984,Free to read,10.1016/j.engfracmech.2023.109709,https://doi.org/10.1016/j.engfracmech.2023.109709,"Hornas J., Behal J., Homola P., Doubrava R., Holzleitner M., Senck S., A machine learning based approach with an augmented dataset for fatigue life prediction of additively manufactured Ti-6Al-4V samples, Eng. Fract. Mech. (2023) 109709"
am-hu-slm-ti64-srct-murakami-kt,Ti-6Al-4V,Ti alloy,"SLM Ti-6Al-4V: synchrotron CT defect population, extreme values + Murakami fatigue strength, extended Kitagawa-Takahashi diagram",High,Not public: ask authors,Paper only (figures),https://doi.org/10.1016/j.ijfatigue.2020.105584,Paywalled,10.1016/j.ijfatigue.2020.105584,,"Hu Y.N., Wu S.C., Wu Z.K., Zhong X.L., Ahmed S., Karabal S., Xiao X.H., Zhang H.O., Withers P.J., A new approach to correlate the defect population with the fatigue life of selective laser melted Ti-6Al-4V alloy, Int. J. Fatigue 136 (2020) 105584"
am-hu-slm-ti64-uct-nasgro,Ti-6Al-4V,Ti alloy,"SLM Ti-6Al-4V: uCT defect population/location + NASGRO life prediction and eXtended Defect Zone (Hu, Wu, Withers 2020)",Medium,Not public: ask authors,Paper only (figures),https://doi.org/10.1016/j.matdes.2020.108708,Free to read,10.1016/j.matdes.2020.108708,https://www.sciencedirect.com/science/article/pii/S0264127520302422/pdf,"Hu Y., Wu S., Withers P.J., Zhang J., Bao H., Fu Y., Kang G., The effect of manufacturing defects on the fatigue life of selective laser melted Ti-6Al-4V structures, Materials & Design 192 (2020) 108708"
am-mdf-ti64-correlative-xct-serial-sectioning,Ti-6Al-4V,Ti alloy,Correlative multi-instrument XCT (5 scans) and optical serial sectioning of AM Ti-6Al-4V with external fiducials (AFRL),Low,Public,Public download,https://doi.org/10.18126/t27t-9iao,Paywalled,10.1007/s40192-024-00367-1,,"Jolley B.R., Sparkman D.M., Chapman M.G., Schwalbach E.J., Uchic M.D., Correlative X-ray Computed Tomography and Optical Microscopy Serial Sectioning Data of Additive Manufactured Ti-6Al-4V, IMMI 13 (2024) 746-757"
am-schulz-lpbf-ti64-vhcf-ct-critical-defects,Ti-6Al-4V,Ti alloy,L-PBF Ti-6Al-4V VHCF: CT-based identification of critical defects and fatigue failure analysis (TU Dresden / Fraunhofer IWU),High,Not public: ask authors,Paper only (figures),https://doi.org/10.1016/j.ijfatigue.2026.109625,Free to read,10.1016/j.ijfatigue.2026.109625,https://doi.org/10.1016/j.ijfatigue.2026.109625,"Schulz P., Toppel T., Stampa L., Kuhne R., Schettler S., Koch I., Zimmermann M., Drossel W.-G., Gude M., Computed tomography based investigation of critical defects and fatigue failure analysis of very high cycle fatigued Ti-6Al-4V produced by laser powder bed fusion, Int. J. Fatigue (2026) 109625"
am-tammas-williams-ebm-ti64-ct-initiation,Ti-6Al-4V,Ti alloy,EBM Ti-6Al-4V: interrupted lab XCT during fatigue tracking crack initiation at pores (Tammas-Williams et al. 2017),High,On request (stated by authors),On request,https://doi.org/10.1038/s41598-017-06504-5,Free to read,10.1038/s41598-017-06504-5,https://www.nature.com/articles/s41598-017-06504-5.pdf,"Tammas-Williams S., Withers P.J., Todd I., Prangnell P.B., The Influence of Porosity on Fatigue Crack Initiation in Additively Manufactured Titanium Components, Scientific Reports 7 (2017) 7308"
conv-ti64-short-crack-closure-toda,Ti-6Al-4V,Ti alloy,3D short fatigue crack closure in Ti-6Al-4V by ultra-high-resolution X-ray microtomography,Medium,Not public: ask authors,Paper only (figures),,Free to read,10.1016/j.ijfatigue.2022.107428,https://doi.org/10.1016/j.ijfatigue.2022.107428,"Tubei V., Toda H., Ketanond W., Fujihara H., Takakuwa O., Takeuchi A., Uesugi M., Direct observation of three-dimensional short fatigue crack closure behavior in Ti-6Al-4V alloy using ultra-high-resolution X-ray microtomography, Int. J. Fatigue 168 (2023) 107428"
am-nist-ambench2025-03-ti64-rbf-xct,Ti-6Al-4V (ASTM F3001),Ti alloy,AM Bench 2025 AMB2025-03: PBF-L Ti-6Al-4V rotating-bending HCF with pre-test XCT of gauge sections and killer-pore registration,High,Public,Public download,https://data.nist.gov/od/id/mds2-3734,no paper DOI,,,
am-nist-ti64-lpbf-hip-treatments-rbf,Ti-6Al-4V (ASTM F3001),Ti alloy,"PBF-L Ti-6Al-4V with 15 novel HIP/heat treatments: XCT porosity (8.5 and 1.25 um), 300 mini-tensile tests, RBF S-N (NIST)",Medium,Public,Public download,https://data.nist.gov/od/id/mds2-3402,Free to read,10.1016/j.matdes.2024.113388,https://doi.org/10.1016/j.matdes.2024.113388,"Derimow N. et al., Microstructure and mechanical properties of laser powder bed fusion Ti-6Al-4V after HIP treatments with varied temperatures and cooling rates, Materials & Design 247 (2024) 113388"
repo-mendeley-hornas-ml-fatigue-lpbf-ti64-uct,Ti-6Al-4V (L-PBF / SLM),Ti alloy,ML-ready fatigue life dataset for L-PBF Ti-6Al-4V with micro-CT defect features (baseline and augmented train/test splits; Hornas PhD),Medium,Public,Public download,https://data.mendeley.com/datasets/455t348yxk/1,no paper DOI,,,
am-psu-ti64-lpbf-psp-xct-zenodo,Ti-6Al-4V (LaserForm Ti Gr23(A) powder),Ti alloy,"Penn State L-PBF Ti-6Al-4V process-structure-property dataset: 42 power/speed sets with XCT pore morphology (keyhole, LOF, beading)",Medium,Public,Public download,https://zenodo.org/record/6587905,Free to read,10.1016/j.addma.2022.102915,https://doi.org/10.1016/j.addma.2022.102915,"Luo Q. et al., Additive Manufacturing (2022) 102915"
repo-cmu-ambench2025-03-xct-segmentation,"Ti-6Al-4V (PBF-L, AM Bench AMB2025-03 build)",Ti alloy,Processed XCT scans and segmentation-method comparison for AM Bench 2025-03 Ti-6Al-4V rotating bending fatigue specimens (CMU KiltHub),Medium,Public,Public download,https://doi.org/10.1184/R1/31378690.v1,no paper DOI,,,
repo-cmu-ti64-lpbf-xct-porosity-evs,Ti-6Al-4V (PBF-LB),Ti alloy,X-ray micro-CT pore measurements and extreme-value statistics for PBF-LB Ti-6Al-4V coupons across process parameters (EOS M290; CMU),Medium,Public,Public download,https://doi.org/10.1184/R1/26304175.v1,Free to read,10.1016/j.addma.2025.104838,https://doi.org/10.1016/j.addma.2025.104838,"Related article, Additive Manufacturing (2025)"
conv-ti64-forged-vhcf-internal-cracks-spring8,"Ti-6Al-4V (alpha+beta), forged bar",Ti alloy,Internal VHCF crack initiation and growth in forged Ti-6Al-4V tracked by SPring-8 BL20XU micro/nano-CT,High,Not public: ask authors,Paper only (figures),https://mdr.nims.go.jp/datasets/38d6a014-951a-46e0-b1ed-2b064de95723,Paywalled (free copy elsewhere),10.1111/ffe.13765,https://eprints.lib.hokudai.ac.jp/repo/huscap/all/90221/FFEMS-0515_final_clean.pdf,"Xue G., Tomoda Y., Nakamura T., et al., Detection of small internal fatigue cracks in Ti-6Al-4V via synchrotron radiation nanocomputed tomography, Fatigue Fract. Eng. Mater. Struct. 45 (2022) 2693-2702"
ebsd-ti64-hemery-microtexture-slip-3d,Ti-6Al-4V (bimodal/equiaxed with microtextured regions),Ti alloy,Ti-6Al-4V microtextured regions: mm^3-scale 3D datasets + CPFE onset of slip (fatigue/dwell implications),High,Not public: ask authors,Paper only (figures),https://labs.materials.ucsb.edu/pollock/tresa/publications/1511,Free to read,10.1016/j.actamat.2019.09.028,https://www.sciencedirect.com/science/article/am/pii/S1359645419306184?via%3Dihub,"Hémery S., Naït-Ali A., Guéguen M., Wendorf J., Polonsky A.T., Echlin M.P., Stinville J.C., Pollock T.M., Villechaise P., A 3D analysis of the onset of slip activity in relation to the degree of micro-texture in Ti-6Al-4V, Acta Materialia 181 (2019) 36-48"
ebsd-ti64-ebm-pfib-demott,Ti-6Al-4V (electron powder bed fusion),Ti alloy,E-PBF Ti-6Al-4V (random scan strategy) Xe-plasma FIB 3D EBSD: alpha variant selection,Low,Public,Public download,https://data.mendeley.com/datasets/c5x7ckcfsp,Paywalled,10.1007/s10853-021-06216-2,,"DeMott R., Haghdadi N., Liao X., Ringer S.P., Primig S., 3D characterization of microstructural evolution and variant selection in additively manufactured Ti-6Al-4V, J. Mater. Sci. 56 (2021) 14763-14782"
ebsd-ti64-tribeam-bisque-equiaxed,"Ti-6Al-4V (standard grade, double-melt plate)",Ti alloy,"Ti-6Al-4V equiaxed 3D microstructure (TriBeam, 8893 grains) released for ML/generative modelling",Medium,Public,Public download,https://bit.ly/Ti6Al4Vmicrostructure,no paper DOI,,,
am-sandell-ebm-ti64-xct-extreme-value,Ti-6Al-4V ELI (ASTM F3001 powder),Ti alloy,EBM Ti-6Al-4V (Arcam Q20plus): XCT of fatigue specimens + extreme value statistics life prediction (GKN/LTU),High,On request (stated by authors),On request,https://pmc.ncbi.nlm.nih.gov/articles/PMC7866540/,Free to read,10.3390/ma14030640,https://www.mdpi.com/1996-1944/14/3/640/pdf?version=1612409530,"Sandell V., Hansson T., Roychowdhury S., Mansson T., Delin M., Akerfeldt P., Antti M.-L., Defects in Electron Beam Melted Ti-6Al-4V: Fatigue Life Prediction Using Experimental Data and Extreme Value Statistics, Materials 14(3) (2021) 640"
hedm-ti7al-midas-benchmark-sharma-2026,Ti-7Al,Ti alloy,Multi-distance NF/FF-HEDM raw reference dataset of Ti-7Al (APS 1-ID-E) for benchmarking reconstruction,Low,Public,Public download,https://doi.org/10.18126/8487-hd29,no paper DOI,,,
repo-dryad-ti7al-topotomography-dct-slip,"Ti-7Al (extruded, annealed)",Ti alloy,"Multimodal 3D X-ray topotomography + DCT dataset of bulk slip activity and slip transmission in Ti-7Al (ESRF ID11), with HR-DIC",Medium,Public,Public download,https://datadryad.org/dataset/doi:10.5061/dryad.sj3tx96g8,Paywalled (free copy elsewhere),10.5281/zenodo.15588456,https://doi.org/10.5281/zenodo.15588455,"Proudhon H. et al., Processing topotomography data to investigate slip localization and transmission in polycrystalline materials, Zenodo 2025"
hedm-ti7al-cyclic-grain-reorientation-lim-2022,Ti-7Al (single-phase alpha),Ti alloy,Ti-7Al cyclically loaded below yield (200 cycles) with grain-resolved FF-HEDM at CHESS,Medium,Not public: ask authors,Paper only (figures),,Free to read,10.1016/j.ijfatigue.2021.106614,https://doi.org/10.1016/j.ijfatigue.2021.106614,"R.E. Lim, D.C. Pagan, J.V. Bernier, P.A. Shade, A.D. Rollett, Grain reorientation and stress-state evolution during cyclic loading of an alpha-Ti alloy below the elastic limit, International Journal of Fatigue (2022) 106614"
hedm-ti7al-nf-ff-tensile-turner-2016,Ti-7Al (single-phase alpha),Ti alloy,"Combined NF/FF-HEDM dataset for Ti-7Al tensile specimen elastically loaded in situ (APS 1-ID-E, RAMS)",Low,Public,Public download,https://hdl.handle.net/11256/599,Free to read,10.1186/s40192-016-0048-1,https://link.springer.com/content/pdf/10.1186/s40192-016-0048-1.pdf,"T.J. Turner, P.A. Shade, J.V. Bernier, S.F. Li, J.C. Schuren, J.F. Lind, U. Lienert, P. Kenesei, R.M. Suter, B. Blank, J. Almer, Combined near- and far-field high-energy diffraction microscopy dataset for Ti-7Al tensile specimen elastically loaded in situ, Integrating Materials and Manufacturing Innovation (2016)"
repo-nist-mdr-ti7al-nf-ff-hedm-turner,"Ti-7Al (single-phase alpha, HCP)",Ti alloy,"Combined near- and far-field HEDM dataset for a Ti-7Al tensile specimen elastically loaded in situ (APS), with FE mesh",Low,Public,Public download,https://materialsdata.nist.gov/handle/11256/599,Free to read,10.1186/s40192-016-0048-1,https://link.springer.com/content/pdf/10.1186/s40192-016-0048-1.pdf,"Turner T.J., Shade P.A., Bernier J.V., Li S.F., Schuren J.C., Lind J., Lienert U., Kenesei P., Suter R.M., Blank B., Almer J., Combined near- and far-field high-energy diffraction microscopy dataset for Ti-7Al tensile specimens elastically loaded in situ, IMMI 5 (2016) 5"
repo-esrf-ti-gigacycle-internal-cracks-insitu,Titanium alloy (grade unverified),Ti alloy,"In-situ ultrasonic gigacycle fatigue of a Ti alloy with synchrotron micro-CT: internal fatigue crack initiation and propagation (ESRF ID19, MA-5060)",High,Public,Public download,https://doi.esrf.fr/10.15151/ESRF-ES-550198636,no paper DOI,,,
repo-figshare-pumpp-ti-dwell-fatigue-dream3d,Titanium alloy (location-specific microstructures with micro-texture regions; grade unverified),Ti alloy,Data for parametrically upscaled fatigue (dwell crack nucleation) platform with location-specific microstructure: EBSD and DREAM.3D files (JHU / Pratt & Whitney),Medium,Public,Public download,https://springernature.figshare.com/articles/dataset/Parametrically_Upscaled_Model-based_Predictive_Platform_for_Fatigue_with_Location-Specific_Microstructural_Linkages/31636339,Free to read,10.1038/s41467-026-72037-z,https://doi.org/10.1038/s41467-026-72037-z,"Ghosh S., Appunhi Nair K., Tak T., Kotha S., Pilchak A., Venkatesh V., Furrer D., Parametrically upscaled model-based predictive platform for fatigue with location-specific microstructural linkages, Nature Communications (2026)"
ebsd-zry4-7nb-pfib-zenodo,Model Zircaloy-4 with 7 wt% Nb (Zr alloy),Zr alloy,"Hot-rolled Zircaloy-4 + 7 wt% Nb: PFIB 3D EBSD of alpha and beta (441 slices, 0.1 µm)",Low,Public,Public download,https://zenodo.org/record/3785085,Free to read,10.1016/j.actamat.2020.116538,https://www.sciencedirect.com/science/article/pii/S1359645420309757/pdf,"Daniel C.S., Garner A., Honniball P.D., Bradley L., Preuss M., Prangnell P.B., Quinta da Fonseca J., Co-deformation and dynamic annealing effects on the texture development during alpha-beta processing of a model Zr-Nb alloy, Acta Materialia 205 (2021) 116538"
