id,title,material_class,material,route,techniques,voxel_size_um,in_situ,yield_MPa,uts_MPa,elongation_pct,fatigue_tested,fatigue_test_type,initiation_tracked_in_3d,fatigue_initiation_relevance,data_status,repository,data_url,primary_doi
dct-labdct-alcu-grain-growth-sun-2023,Lab-DCT (ZEISS Xradia 520 Versa LabDCT) time series of grain growth in Al-5wt%Cu,Al alloy,Al-5wt%Cu (model alloy),,DCT; X-ray CT,1.84,False,,,,False,,False,Low,Public download,Materials Data Facility,https://doi.org/10.18126/5q8s-3ef9,10.18126/5q8s-3ef9
hedm-al-mg-si-liner-small-crack-spear-2014,Naturally nucleated microstructurally small fatigue cracks in Al-Mg-Si pressure-vessel liner: post-mortem NF-HEDM + CT + marker-band fractography,Al alloy,"Al-Mg-Si alloy (thin pressure-vessel liner; 6061-type, unverified)",Liner (formed cylinder; processing in cited refs),HEDM/3DXRD; Synchrotron CT,,False,,,,True,crack growth,True,High,Paper only (figures),,,10.1016/j.actamat.2014.05.021
dct-elektron21-mg-short-crack-king-2011,3D in-situ short fatigue crack growth in cast Mg alloy Elektron 21 with DCT grain mapping,Mg alloy,Elektron 21 (cast Mg-Nd-Gd-Zn-Zr),Cast,DCT; Synchrotron CT,,True,,,,True,in-situ,True,High,Paper only (figures),,,10.1016/j.actamat.2011.07.034
hedm-we43-mg-ultrasonic-crack-path-greeley-2024,3D crystallographic short-crack paths in Mg WE43 (ultrasonic VHCF) from NF-HEDM grain maps + CT fracture surfaces,Mg alloy,"WE43 (Mg-Y-Nd-Gd-Zr), underaged","Rolled (hot rolled 26 mm plate, T5)",HEDM/3DXRD; Synchrotron CT,,False,139,235,,True,ultrasonic,True,High,On request,,,10.1111/ffe.14217
hedm-afrl-am-challenge4-in625,AFRL AM Modeling Challenge 4: in-situ tensile NF/FF-HEDM + micro-CT of L-PBF IN625 with serial-sectioning ground truth,Ni superalloy,Inconel 625 (L-PBF),L-PBF + HIP,HEDM/3DXRD; Micro-CT; Synchrotron CT; Serial sectioning; 3D EBSD,2.0,True,,,,False,,False,Low,Public download,Materials Data Facility,https://doi.org/10.18126/k5r2-32iu,10.1007/s40192-021-00218-3
dct-in718-twin-boundary-crack-jimenez-2019,"Forged IN718 HCF crack initiation at coherent twin boundaries and short-crack slip transfer, in-situ DCT + PCT at ESRF ID11",Ni superalloy,"Inconel 718 (forged, polycrystalline)",Forged,DCT; Phase-contrast CT; Synchrotron CT,,True,,,,True,HCF,True,High,Paper only (figures),,,10.1016/j.scriptamat.2018.11.008
hedm-am-in718-crack-closure-ravi-2021,AM IN718 naturally occurring small fatigue crack: crack closure resolved grain-by-grain with in-situ HEDM,Ni superalloy,"Inconel 718, additively manufactured",Additive manufacturing (process not verified),HEDM/3DXRD; Synchrotron CT,,True,,,,True,crack growth,True,Medium,Paper only (figures),,,10.1016/j.actamat.2020.116564
hedm-am-in718-crack-initiation-prithivirajan-2021,AM IN718: crack-initiation site from in-situ HEDM/tomography compared one-to-one with CPFE predictions,Ni superalloy,"Inconel 718, additively manufactured","Additive manufacturing (L-PBF, unverified)",HEDM/3DXRD; Synchrotron CT,,True,,,,True,in-situ,True,High,Paper only (figures),,,10.1016/j.matdes.2020.109216
hedm-lshr-fib-notch-small-crack-afrl-menasche,AFRL LSHR 4D microstructurally small crack growth from FIB notch: NF/FF-HEDM + micro-CT with U-Net crack segmentation,Ni superalloy,"LSHR (low solvus, high refractory) Ni-base superalloy",Powder metallurgy (LSHR; unverified for this specimen),HEDM/3DXRD; Micro-CT; Synchrotron CT,,True,,,,True,in-situ,True,High,Paper only (figures),,,10.1016/j.ijfatigue.2023.107920
hedm-dct-dfxm-lshr-twin-boundary-gustafson-2020,"Multi-scale X-ray (NF/FF-HEDM, DCT, DFXM) quantification of stress gradients at a twin boundary in cyclically loaded LSHR",Ni superalloy,"LSHR (low solvus, high refractory) powder-metallurgy Ni-base superalloy",Powder metallurgy + isothermal forging,HEDM/3DXRD; DCT; DFXM,2.0,True,,,,True,LCF,False,High,On request,,,10.1038/s41467-020-16894-2
hedm-lshr-hedm-serial-sectioning-sparks-2024,"LSHR Ni superalloy HEDM volume with multi-modal serial-sectioning (EBSD, profilometry) ground truth",Ni superalloy,LSHR (undeformed),,HEDM/3DXRD; Serial sectioning; 3D EBSD,,False,,,,False,,False,Low,Public download,Materials Data Facility,https://doi.org/10.18126/4y0p-v604,10.18126/4y0p-v604
hedm-ni-superalloy-small-crack-naragani-2019,Micromechanical state ahead of a propagating small fatigue crack in a Ni superalloy (NF/FF-HEDM + absorption CT),Ni superalloy,Ni-base superalloy (designation not verified),,HEDM/3DXRD; Synchrotron CT,,True,,,,True,crack growth,True,High,Paper only (figures),,,10.1016/j.actamat.2019.08.005
dct-ni-superalloy-fib-notch-messe-2014,Fatigue crack propagation from FIB notch in a Ni superalloy studied with DCT and PCT,Ni superalloy,Nickel-base superalloy (designation not given in abstract),,DCT; Phase-contrast CT,,True,,,,True,HCF,True,Medium,Paper only (figures),,,10.4028/www.scientific.net/amr.891-892.923
hedm-pm-ni-inclusion-initiation-naragani-2017,Fatigue crack initiation at a seeded non-metallic inclusion in PM Ni superalloy via micro-CT + far-field HEDM,Ni superalloy,Powder-metallurgy Ni-base superalloy seeded with a non-metallic inclusion (designation not verified),Powder metallurgy,HEDM/3DXRD; Micro-CT; Synchrotron CT,,True,,,,True,in-situ,True,High,Paper only (figures),,,10.1016/j.actamat.2017.07.027
dct-austenitic-ss-spring8-nakai-2018,Fatigue damage (grain misorientation) and crack initiation in austenitic stainless steel tracked by DCT at SPring-8,Steel,Austenitic stainless steel (grade not specified in source),Wrought (unverified),DCT; Synchrotron CT,2.7,True,278,,,True,HCF,True,High,Paper only (figures),,,10.3390/ICEM18-05210
dct-harmonic-structured-ss-nakai-2023,Grain misorientation evolution in fatigue of harmonic-structured austenitic stainless steel by synchrotron DCT,Steel,Austenitic stainless steel with bimodal harmonic structure (fine-grain shell network around coarse-grain core),Powder metallurgy (harmonic structure; unverified),DCT,,,,,,True,HCF,True,Medium,Paper only (figures),,,10.4028/p-e0mc23
dct-304ss-igscc-grain-mapped-king-2008,Intergranular stress corrosion crack grown through a DCT grain-mapped sensitized austenitic stainless steel,Steel,Sensitized austenitic stainless steel,,DCT; Synchrotron CT,,True,,,,False,,True,Low,Paper only (figures),,,10.1126/science.1156211
dct-ti21s-short-fatigue-crack-herbig-2011,Short fatigue crack growth in metastable beta Ti21S imaged by combined DCT and phase-contrast tomography (ESRF),Ti alloy,"Ti-21S (Timet beta-21S, metastable beta titanium)","Rolled (1.6 mm sheet, Timet)",DCT; Synchrotron CT; Phase-contrast CT,0.7,True,,,,True,in-situ,True,High,Paper only (figures),,,10.1016/j.actamat.2010.09.063
dct-ti55531-short-crack-ml-rovinelli-2018,"Short fatigue crack in beta-metastable Ti-55531 with DCT grain map and in-situ PCT, used for ML crack-driving-force study",Ti alloy,Ti-55531 (Ti-5Al-5Mo-5V-3Cr-1Zr nominal designation),Wrought (unverified),DCT; Phase-contrast CT; Synchrotron CT,1.4,True,1000,,,True,in-situ,True,High,Paper only (figures),,,10.1038/s41524-018-0094-7
hedm-ti7al-midas-benchmark-sharma-2026,Multi-distance NF/FF-HEDM raw reference dataset of Ti-7Al (APS 1-ID-E) for benchmarking reconstruction,Ti alloy,Ti-7Al,,HEDM/3DXRD,,False,,,,False,,False,Low,Public download,Materials Data Facility,https://doi.org/10.18126/8487-hd29,10.18126/8487-hd29
hedm-ti7al-cyclic-grain-reorientation-lim-2022,Ti-7Al cyclically loaded below yield (200 cycles) with grain-resolved FF-HEDM at CHESS,Ti alloy,Ti-7Al (single-phase alpha),Cast + HIP + extruded,HEDM/3DXRD,,True,,,,True,in-situ,False,Medium,Paper only (figures),,,10.1016/j.ijfatigue.2021.106614
hedm-ti7al-nf-ff-tensile-turner-2016,"Combined NF/FF-HEDM dataset for Ti-7Al tensile specimen elastically loaded in situ (APS 1-ID-E, RAMS)",Ti alloy,Ti-7Al (single-phase alpha),Cast + HIP + extruded + rolled,HEDM/3DXRD,,True,,,,False,,False,Low,Public download,NIST Materials Data Repository / Materials Data Facility (mdr_item_1027),https://hdl.handle.net/11256/599,10.1186/s40192-016-0048-1
